{
  "aviones": [{
    "nombre": "Boeing 747",
    "capacidad": 500
  }],
  "vuelos": [{
    "fecha": "2024-05-10",
    "ruta": "BOG-MDE",
    "avion": "Boeing 747"
  }],
  "aeropuertos": [
    {
      "codigo": "BOG",
      "latitud": 4.7016,
      "longitud": -74.1469,
      "ciudad": "Bogotá",
      "nombre": "El Dorado"
    },
    {
      "codigo": "MDE",
      "latitud": 6.1645,
      "longitud": -75.4231,
      "ciudad": "Medellin",
      "nombre": "Jose Maria Cordova"
    }
  ],
  "rutas": [{
    "hora_llegada": "1400",
    "codigo": "BOG-MDE",
    "hora_salida": "1200",
    "origen": "MDE",
    "destino": "BOG"
  }]
}