{
  "clientes": [
    {
      "tipoCliente": "natural",
      "nombre": "Juan",
      "identificador": "312312312"
    },
    {
      "tipoCliente": "natural",
      "nombre": "Bob",
      "identificador": "123456789"
    },
    {
      "tipoCliente": "natural",
      "nombre": "Alice",
      "identificador": "7489126498126498"
    },
    {
      "tipoCliente": "corporativo",
      "tamanoEmpresa": 3,
      "nombreEmpresa": "Apple",
      "identificador": "730132809"
    },
    {
      "tipoCliente": "corporativo",
      "tamanoEmpresa": 2,
      "nombreEmpresa": "Boeing",
      "identificador": "738091273"
    }
  ],
  "tiquetes": []
}